date,time,name,original_name
2022-10-09,07:35,adrian,NA
2022-10-09,07:35,taylor,NA
2022-10-09,07:35,nae,NA
2022-10-09,07:35,kcagej,NA
2022-10-09,07:35,father,NA
2022-10-09,07:35,trevor,NA
2022-10-09,07:35,nowwithaddednightmares,NA
2022-10-09,07:35,peach,NA
2022-10-09,07:35,folasewa,NA
2022-10-09,07:35,rin,NA
2022-10-09,07:35,broadway,NA
2022-10-09,07:35,sahi,NA
2022-10-09,07:35,ish,NA
2022-10-09,07:35,promo,NA
2022-10-09,07:35,eva,NA
2022-10-09,07:35,moongirl,NA
2022-10-09,07:35,available,NA
2022-10-09,07:35,jaz,NA
2022-10-09,07:35,spooktober,NA
2022-10-09,07:35,zeynep,NA
2022-10-09,07:35,monika,NA
2022-10-09,07:35,macsonmackenzieheart,NA
2022-10-09,07:35,danthedog,NA
2022-10-09,07:35,sam,NA
2022-10-09,07:35,kesh,NA
2022-10-09,07:35,kath,NA
2022-10-09,07:35,trendradars,NA
2022-10-09,07:35,valar,NA
2022-10-09,07:35,chistopher,NA
2022-10-09,07:35,mugiwara,NA
2022-10-09,07:35,mrs,NA
2022-10-09,07:35,colin,NA
2022-10-09,07:35,pls,NA
2022-10-09,07:35,kingofmountflorida,NA
2022-10-09,07:35,stephen,NA
2022-10-09,07:35,andrea,NA
2022-10-09,07:35,bang,NA
2022-10-09,07:35,monodrew,NA
2022-10-09,07:35,john,NA
2022-10-09,07:35,truetoyourself,NA
2022-10-09,07:35,brocky,NA
2022-10-09,07:35,save,NA
2022-10-09,07:35,kia,NA
2022-10-09,07:35,sydney,NA
2022-10-09,07:35,pls,NA
2022-10-09,07:35,claiming,NA
2022-10-09,07:35,sir,NA
2022-10-09,07:35,johnc,NA
2022-10-09,07:35,vipul,NA
2022-10-09,07:35,open,NA
2022-10-09,07:35,notaspaz,NA
2022-10-09,07:36,yaa,NA
2022-10-09,07:36,starfirooni,NA
2022-10-09,07:36,octoberwins,NA
2022-10-09,07:36,jashun,NA
2022-10-09,07:36,sugar,NA
2022-10-09,07:36,lorna,NA
2022-10-09,07:36,open,NA
2022-10-09,07:36,karen,NA
2022-10-09,07:36,denzil,NA
2022-10-09,07:36,the,NA
2022-10-09,07:36,nau,NA
2022-10-09,07:36,mister,NA
2022-10-09,07:36,benaissance,NA
2022-10-09,07:36,jmarquez,NA
2022-10-09,07:36,zues,NA
2022-10-09,07:36,the,NA
2022-10-09,07:36,operation,NA
2022-10-09,07:36,promo,NA
2022-10-09,07:36,liasuperior,NA
2022-10-09,07:36,zoe,NA
2022-10-09,07:36,king,NA
2022-10-09,07:36,serena,NA
2022-10-09,07:36,jka,NA
2022-10-09,07:36,erik,NA
2022-10-09,07:36,the,NA
2022-10-09,07:36,surs,NA
2022-10-09,07:36,dancer,NA
2022-10-09,07:36,kurabi,NA
2022-10-09,07:36,katherine,NA
2022-10-09,07:36,dali,NA
2022-10-09,07:36,nau,NA
2022-10-09,07:36,lyn,NA
2022-10-09,07:36,birth,NA
2022-10-09,07:36,caris,NA
2022-10-09,07:36,jalan,NA
2022-10-09,07:36,shibley,NA
2022-10-09,07:36,igelbert,NA
2022-10-09,07:36,fallen,NA
2022-10-09,07:36,luke,NA
2022-10-09,07:36,destroy,NA
2022-10-09,07:36,dill,NA
